sensor_id;sensor_type;location;lat;lon;timestamp;P1;P2;P0
50299;PMS5003;38004;51.616;-1.304;2020-12-01T00:03:13;8;2;
50299;PMS5003;38004;51.616;-1.304;2020-12-01T00:05:40;13;7;
50299;PMS5003;38004;51.616;-1.304;2020-12-01T00:08:07;5;3;
50299;PMS5003;38004;51.616;-1.304;2020-12-01T00:10:34;7;3;
50299;PMS5003;38004;51.616;-1.304;2020-12-01T00:13:02;4;4;
50299;PMS5003;38004;51.616;-1.304;2020-12-01T00:15:30;3;3;
50299;PMS5003;38004;51.616;-1.304;2020-12-01T00:17:57;13;5;
50299;PMS5003;38004;51.616;-1.304;2020-12-01T00:20:23;4;2;
50299;PMS5003;38004;51.616;-1.304;2020-12-01T00:22:52;14;9;
50299;PMS5003;38004;51.616;-1.304;2020-12-01T00:25:20;3;3;
50299;PMS5003;38004;51.616;-1.304;2020-12-01T00:27:48;4;4;
50299;PMS5003;38004;51.616;-1.304;2020-12-01T00:30:16;4;3;
50299;PMS5003;38004;51.616;-1.304;2020-12-01T00:32:45;10;8;
50299;PMS5003;38004;51.616;-1.304;2020-12-01T00:35:14;7;4;
50299;PMS5003;38004;51.616;-1.304;2020-12-01T00:37:42;4;3;
50299;PMS5003;38004;51.616;-1.304;2020-12-01T00:40:10;7;4;
50299;PMS5003;38004;51.616;-1.304;2020-12-01T00:42:37;4;2;
50299;PMS5003;38004;51.616;-1.304;2020-12-01T00:45:05;4;2;
50299;PMS5003;38004;51.616;-1.304;2020-12-01T00:47:34;10;5;
50299;PMS5003;38004;51.616;-1.304;2020-12-01T00:50:02;5;4;
50299;PMS5003;38004;51.616;-1.304;2020-12-01T00:52:31;7;4;
50299;PMS5003;38004;51.616;-1.304;2020-12-01T00:54:58;7;3;
50299;PMS5003;38004;51.616;-1.304;2020-12-01T00:57:25;3;1;
50299;PMS5003;38004;51.616;-1.304;2020-12-01T00:59:52;5;4;
50299;PMS5003;38004;51.616;-1.304;2020-12-01T01:02:19;4;2;
50299;PMS5003;38004;51.616;-1.304;2020-12-01T01:04:46;4;3;
50299;PMS5003;38004;51.616;-1.304;2020-12-01T01:07:13;10;9;
50299;PMS5003;38004;51.616;-1.304;2020-12-01T01:09:41;6;3;
50299;PMS5003;38004;51.616;-1.304;2020-12-01T01:12:07;5;4;
50299;PMS5003;38004;51.616;-1.304;2020-12-01T01:14:34;5;4;
50299;PMS5003;38004;51.616;-1.304;2020-12-01T01:17:01;6;4;
50299;PMS5003;38004;51.616;-1.304;2020-12-01T01:19:28;3;3;
50299;PMS5003;38004;51.616;-1.304;2020-12-01T01:21:56;3;3;
50299;PMS5003;38004;51.616;-1.304;2020-12-01T01:24:22;6;3;
50299;PMS5003;38004;51.616;-1.304;2020-12-01T01:26:50;4;2;
50299;PMS5003;38004;51.616;-1.304;2020-12-01T01:29:19;3;3;
50299;PMS5003;38004;51.616;-1.304;2020-12-01T01:31:46;5;3;
50299;PMS5003;38004;51.616;-1.304;2020-12-01T01:34:14;6;3;
50299;PMS5003;38004;51.616;-1.304;2020-12-01T01:36:41;5;3;
50299;PMS5003;38004;51.616;-1.304;2020-12-01T01:39:08;9;3;
50299;PMS5003;38004;51.616;-1.304;2020-12-01T01:41:37;9;3;
50299;PMS5003;38004;51.616;-1.304;2020-12-01T01:44:15;6;3;
50299;PMS5003;38004;51.616;-1.304;2020-12-01T01:46:47;10;4;
50299;PMS5003;38004;51.616;-1.304;2020-12-01T01:49:18;10;4;
50299;PMS5003;38004;51.616;-1.304;2020-12-01T01:51:48;9;3;
50299;PMS5003;38004;51.616;-1.304;2020-12-01T01:54:18;6;3;
50299;PMS5003;38004;51.616;-1.304;2020-12-01T01:56:49;5;1;
50299;PMS5003;38004;51.616;-1.304;2020-12-01T01:59:21;6;3;
50299;PMS5003;38004;51.616;-1.304;2020-12-01T02:01:49;4;2;
50299;PMS5003;38004;51.616;-1.304;2020-12-01T02:04:17;5;3;
50299;PMS5003;38004;51.616;-1.304;2020-12-01T02:06:45;3;2;
50299;PMS5003;38004;51.616;-1.304;2020-12-01T02:09:14;4;3;
50299;PMS5003;38004;51.616;-1.304;2020-12-01T02:11:44;11;6;
50299;PMS5003;38004;51.616;-1.304;2020-12-01T02:14:13;5;4;
50299;PMS5003;38004;51.616;-1.304;2020-12-01T02:16:44;6;4;
50299;PMS5003;38004;51.616;-1.304;2020-12-01T02:19:15;5;2;
50299;PMS5003;38004;51.616;-1.304;2020-12-01T02:21:45;6;3;
50299;PMS5003;38004;51.616;-1.304;2020-12-01T02:24:14;3;3;
50299;PMS5003;38004;51.616;-1.304;2020-12-01T02:26:44;6;3;
50299;PMS5003;38004;51.616;-1.304;2020-12-01T02:29:14;5;4;
50299;PMS5003;38004;51.616;-1.304;2020-12-01T02:31:46;4;3;
50299;PMS5003;38004;51.616;-1.304;2020-12-01T02:34:14;5;3;
50299;PMS5003;38004;51.616;-1.304;2020-12-01T02:36:43;5;3;
50299;PMS5003;38004;51.616;-1.304;2020-12-01T02:39:10;5;2;
50299;PMS5003;38004;51.616;-1.304;2020-12-01T02:41:38;3;2;
50299;PMS5003;38004;51.616;-1.304;2020-12-01T02:44:05;9;5;
50299;PMS5003;38004;51.616;-1.304;2020-12-01T02:46:33;3;2;
50299;PMS5003;38004;51.616;-1.304;2020-12-01T02:49:01;6;3;
50299;PMS5003;38004;51.616;-1.304;2020-12-01T02:51:30;3;2;
50299;PMS5003;38004;51.616;-1.304;2020-12-01T02:53:57;5;3;
50299;PMS5003;38004;51.616;-1.304;2020-12-01T02:56:25;5;4;
50299;PMS5003;38004;51.616;-1.304;2020-12-01T02:58:52;7;4;
50299;PMS5003;38004;51.616;-1.304;2020-12-01T03:01:20;3;3;
50299;PMS5003;38004;51.616;-1.304;2020-12-01T03:03:46;6;2;
50299;PMS5003;38004;51.616;-1.304;2020-12-01T03:06:14;3;2;
50299;PMS5003;38004;51.616;-1.304;2020-12-01T03:08:42;9;4;
50299;PMS5003;38004;51.616;-1.304;2020-12-01T03:11:10;6;4;
50299;PMS5003;38004;51.616;-1.304;2020-12-01T03:13:37;4;3;
50299;PMS5003;38004;51.616;-1.304;2020-12-01T03:16:05;8;3;
50299;PMS5003;38004;51.616;-1.304;2020-12-01T03:18:32;3;3;
50299;PMS5003;38004;51.616;-1.304;2020-12-01T03:21:00;5;2;
50299;PMS5003;38004;51.616;-1.304;2020-12-01T03:23:27;6;4;
50299;PMS5003;38004;51.616;-1.304;2020-12-01T03:25:54;5;3;
50299;PMS5003;38004;51.616;-1.304;2020-12-01T03:28:21;5;2;
50299;PMS5003;38004;51.616;-1.304;2020-12-01T03:30:48;3;2;
50299;PMS5003;38004;51.616;-1.304;2020-12-01T03:33:15;12;4;
50299;PMS5003;38004;51.616;-1.304;2020-12-01T03:35:43;3;3;
50299;PMS5003;38004;51.616;-1.304;2020-12-01T03:38:10;8;3;
50299;PMS5003;38004;51.616;-1.304;2020-12-01T03:40:38;3;2;
50299;PMS5003;38004;51.616;-1.304;2020-12-01T03:43:05;4;3;
50299;PMS5003;38004;51.616;-1.304;2020-12-01T03:45:33;1;1;
50299;PMS5003;38004;51.616;-1.304;2020-12-01T03:47:59;3;1;
50299;PMS5003;38004;51.616;-1.304;2020-12-01T03:50:27;4;3;
50299;PMS5003;38004;51.616;-1.304;2020-12-01T03:52:56;4;2;
50299;PMS5003;38004;51.616;-1.304;2020-12-01T03:55:23;4;3;
50299;PMS5003;38004;51.616;-1.304;2020-12-01T03:57:51;5;4;
50299;PMS5003;38004;51.616;-1.304;2020-12-01T04:00:20;3;3;
50299;PMS5003;38004;51.616;-1.304;2020-12-01T04:02:48;5;2;
50299;PMS5003;38004;51.616;-1.304;2020-12-01T04:05:17;7;1;
50299;PMS5003;38004;51.616;-1.304;2020-12-01T04:07:46;4;1;
50299;PMS5003;38004;51.616;-1.304;2020-12-01T04:10:15;8;2;
50299;PMS5003;38004;51.616;-1.304;2020-12-01T04:12:43;2;2;
50299;PMS5003;38004;51.616;-1.304;2020-12-01T04:15:10;5;4;
50299;PMS5003;38004;51.616;-1.304;2020-12-01T04:17:37;3;2;
50299;PMS5003;38004;51.616;-1.304;2020-12-01T04:20:04;6;3;
50299;PMS5003;38004;51.616;-1.304;2020-12-01T04:22:33;4;2;
50299;PMS5003;38004;51.616;-1.304;2020-12-01T04:25:00;7;2;
50299;PMS5003;38004;51.616;-1.304;2020-12-01T04:27:29;7;3;
50299;PMS5003;38004;51.616;-1.304;2020-12-01T04:29:56;3;3;
50299;PMS5003;38004;51.616;-1.304;2020-12-01T04:32:23;3;2;
50299;PMS5003;38004;51.616;-1.304;2020-12-01T04:34:50;8;2;
50299;PMS5003;38004;51.616;-1.304;2020-12-01T04:37:18;8;4;
50299;PMS5003;38004;51.616;-1.304;2020-12-01T04:39:45;5;4;
50299;PMS5003;38004;51.616;-1.304;2020-12-01T04:42:14;2;2;
50299;PMS5003;38004;51.616;-1.304;2020-12-01T04:44:44;8;2;
50299;PMS5003;38004;51.616;-1.304;2020-12-01T04:47:20;3;2;
50299;PMS5003;38004;51.616;-1.304;2020-12-01T04:49:55;5;1;
50299;PMS5003;38004;51.616;-1.304;2020-12-01T04:52:41;10;2;
50299;PMS5003;38004;51.616;-1.304;2020-12-01T04:56:30;9;4;
50299;PMS5003;38004;51.616;-1.304;2020-12-01T04:59:13;5;2;
50299;PMS5003;38004;51.616;-1.304;2020-12-01T05:02:54;4;2;
50299;PMS5003;38004;51.616;-1.304;2020-12-01T05:05:36;2;2;
50299;PMS5003;38004;51.616;-1.304;2020-12-01T05:08:42;2;2;
50299;PMS5003;38004;51.616;-1.304;2020-12-01T05:11:23;4;1;
50299;PMS5003;38004;51.616;-1.304;2020-12-01T05:13:59;4;3;
50299;PMS5003;38004;51.616;-1.304;2020-12-01T05:16:38;4;1;
50299;PMS5003;38004;51.616;-1.304;2020-12-01T05:19:19;4;3;
50299;PMS5003;38004;51.616;-1.304;2020-12-01T05:21:59;4;2;
50299;PMS5003;38004;51.616;-1.304;2020-12-01T05:24:34;2;1;
50299;PMS5003;38004;51.616;-1.304;2020-12-01T05:27:02;7;3;
50299;PMS5003;38004;51.616;-1.304;2020-12-01T05:29:30;2;2;
50299;PMS5003;38004;51.616;-1.304;2020-12-01T05:31:56;3;1;
50299;PMS5003;38004;51.616;-1.304;2020-12-01T05:34:24;4;2;
50299;PMS5003;38004;51.616;-1.304;2020-12-01T05:36:51;2;2;
50299;PMS5003;38004;51.616;-1.304;2020-12-01T05:39:20;7;2;
50299;PMS5003;38004;51.616;-1.304;2020-12-01T05:41:59;3;2;
50299;PMS5003;38004;51.616;-1.304;2020-12-01T05:44:29;7;3;
50299;PMS5003;38004;51.616;-1.304;2020-12-01T05:47:00;5;3;
50299;PMS5003;38004;51.616;-1.304;2020-12-01T05:49:35;4;4;
50299;PMS5003;38004;51.616;-1.304;2020-12-01T05:52:08;2;2;
50299;PMS5003;38004;51.616;-1.304;2020-12-01T05:54:42;8;4;
50299;PMS5003;38004;51.616;-1.304;2020-12-01T05:57:16;4;3;
50299;PMS5003;38004;51.616;-1.304;2020-12-01T05:59:53;8;3;
50299;PMS5003;38004;51.616;-1.304;2020-12-01T06:02:25;4;3;
50299;PMS5003;38004;51.616;-1.304;2020-12-01T06:05:02;5;1;
50299;PMS5003;38004;51.616;-1.304;2020-12-01T06:07:34;3;1;
50299;PMS5003;38004;51.616;-1.304;2020-12-01T06:10:22;10;7;
50299;PMS5003;38004;51.616;-1.304;2020-12-01T06:13:52;7;4;
50299;PMS5003;38004;51.616;-1.304;2020-12-01T06:16:31;7;4;
50299;PMS5003;38004;51.616;-1.304;2020-12-01T06:19:09;2;2;
50299;PMS5003;38004;51.616;-1.304;2020-12-01T06:21:47;2;2;
50299;PMS5003;38004;51.616;-1.304;2020-12-01T06:26:03;4;3;
50299;PMS5003;38004;51.616;-1.304;2020-12-01T06:29:11;2;2;
50299;PMS5003;38004;51.616;-1.304;2020-12-01T06:32:10;7;2;
50299;PMS5003;38004;51.616;-1.304;2020-12-01T06:35:06;2;2;
50299;PMS5003;38004;51.616;-1.304;2020-12-01T06:37:55;2;2;
50299;PMS5003;38004;51.616;-1.304;2020-12-01T06:40:37;3;3;
50299;PMS5003;38004;51.616;-1.304;2020-12-01T06:43:09;3;2;
50299;PMS5003;38004;51.616;-1.304;2020-12-01T06:45:40;12;8;
50299;PMS5003;38004;51.616;-1.304;2020-12-01T06:48:11;9;5;
50299;PMS5003;38004;51.616;-1.304;2020-12-01T06:50:42;3;3;
50299;PMS5003;38004;51.616;-1.304;2020-12-01T06:53:23;3;2;
50299;PMS5003;38004;51.616;-1.304;2020-12-01T06:55:53;3;3;
50299;PMS5003;38004;51.616;-1.304;2020-12-01T06:58:33;5;4;
50299;PMS5003;38004;51.616;-1.304;2020-12-01T07:01:04;5;5;
50299;PMS5003;38004;51.616;-1.304;2020-12-01T07:03:34;7;3;
50299;PMS5003;38004;51.616;-1.304;2020-12-01T07:06:09;5;4;
50299;PMS5003;38004;51.616;-1.304;2020-12-01T07:08:37;9;4;
50299;PMS5003;38004;51.616;-1.304;2020-12-01T07:11:06;5;4;
50299;PMS5003;38004;51.616;-1.304;2020-12-01T07:13:40;3;3;
50299;PMS5003;38004;51.616;-1.304;2020-12-01T07:16:18;7;5;
50299;PMS5003;38004;51.616;-1.304;2020-12-01T07:18:56;5;2;
50299;PMS5003;38004;51.616;-1.304;2020-12-01T07:21:38;4;3;
50299;PMS5003;38004;51.616;-1.304;2020-12-01T07:24:14;8;3;
50299;PMS5003;38004;51.616;-1.304;2020-12-01T07:26:57;8;3;
50299;PMS5003;38004;51.616;-1.304;2020-12-01T07:29:33;9;7;
50299;PMS5003;38004;51.616;-1.304;2020-12-01T07:32:20;9;4;
50299;PMS5003;38004;51.616;-1.304;2020-12-01T07:34:51;7;3;
50299;PMS5003;38004;51.616;-1.304;2020-12-01T07:37:43;10;7;
50299;PMS5003;38004;51.616;-1.304;2020-12-01T07:40:22;8;3;
50299;PMS5003;38004;51.616;-1.304;2020-12-01T07:42:56;9;7;
50299;PMS5003;38004;51.616;-1.304;2020-12-01T07:45:27;7;7;
50299;PMS5003;38004;51.616;-1.304;2020-12-01T07:47:55;9;7;
50299;PMS5003;38004;51.616;-1.304;2020-12-01T07:50:23;5;4;
50299;PMS5003;38004;51.616;-1.304;2020-12-01T07:52:53;5;4;
50299;PMS5003;38004;51.616;-1.304;2020-12-01T07:55:24;9;7;
50299;PMS5003;38004;51.616;-1.304;2020-12-01T07:57:56;5;4;
50299;PMS5003;38004;51.616;-1.304;2020-12-01T08:00:24;7;4;
50299;PMS5003;38004;51.616;-1.304;2020-12-01T08:02:59;2;2;
50299;PMS5003;38004;51.616;-1.304;2020-12-01T08:05:27;10;7;
50299;PMS5003;38004;51.616;-1.304;2020-12-01T08:07:54;4;4;
50299;PMS5003;38004;51.616;-1.304;2020-12-01T08:10:22;8;3;
50299;PMS5003;38004;51.616;-1.304;2020-12-01T08:12:52;14;8;
50299;PMS5003;38004;51.616;-1.304;2020-12-01T08:15:24;7;5;
50299;PMS5003;38004;51.616;-1.304;2020-12-01T08:17:53;9;3;
50299;PMS5003;38004;51.616;-1.304;2020-12-01T08:20:21;2;2;
50299;PMS5003;38004;51.616;-1.304;2020-12-01T08:22:53;7;5;
50299;PMS5003;38004;51.616;-1.304;2020-12-01T08:25:26;3;2;
50299;PMS5003;38004;51.616;-1.304;2020-12-01T08:27:56;7;5;
50299;PMS5003;38004;51.616;-1.304;2020-12-01T08:30:37;10;10;
50299;PMS5003;38004;51.616;-1.304;2020-12-01T08:33:17;7;4;
50299;PMS5003;38004;51.616;-1.304;2020-12-01T08:35:55;7;5;
50299;PMS5003;38004;51.616;-1.304;2020-12-01T08:38:41;3;3;
50299;PMS5003;38004;51.616;-1.304;2020-12-01T08:41:27;10;8;
50299;PMS5003;38004;51.616;-1.304;2020-12-01T08:44:05;5;5;
50299;PMS5003;38004;51.616;-1.304;2020-12-01T08:46:41;5;5;
50299;PMS5003;38004;51.616;-1.304;2020-12-01T08:49:12;7;7;
50299;PMS5003;38004;51.616;-1.304;2020-12-01T08:51:51;7;7;
50299;PMS5003;38004;51.616;-1.304;2020-12-01T08:54:21;15;7;
50299;PMS5003;38004;51.616;-1.304;2020-12-01T08:56:55;17;16;
50299;PMS5003;38004;51.616;-1.304;2020-12-01T08:59:34;12;11;
50299;PMS5003;38004;51.616;-1.304;2020-12-01T09:02:07;11;11;
50299;PMS5003;38004;51.616;-1.304;2020-12-01T09:04:35;19;16;
50299;PMS5003;38004;51.616;-1.304;2020-12-01T09:07:06;14;11;
50299;PMS5003;38004;51.616;-1.304;2020-12-01T09:09:35;7;7;
50299;PMS5003;38004;51.616;-1.304;2020-12-01T09:12:18;8;8;
50299;PMS5003;38004;51.616;-1.304;2020-12-01T09:14:48;9;8;
50299;PMS5003;38004;51.616;-1.304;2020-12-01T09:17:17;9;8;
50299;PMS5003;38004;51.616;-1.304;2020-12-01T09:19:49;8;6;
50299;PMS5003;38004;51.616;-1.304;2020-12-01T09:22:21;13;9;
50299;PMS5003;38004;51.616;-1.304;2020-12-01T09:24:51;6;5;
50299;PMS5003;38004;51.616;-1.304;2020-12-01T09:27:31;5;5;
50299;PMS5003;38004;51.616;-1.304;2020-12-01T09:29:59;5;4;
50299;PMS5003;38004;51.616;-1.304;2020-12-01T09:32:26;9;8;
50299;PMS5003;38004;51.616;-1.304;2020-12-01T09:34:54;5;3;
50299;PMS5003;38004;51.616;-1.304;2020-12-01T09:37:21;8;5;
50299;PMS5003;38004;51.616;-1.304;2020-12-01T09:39:49;4;4;
50299;PMS5003;38004;51.616;-1.304;2020-12-01T09:42:15;11;4;
50299;PMS5003;38004;51.616;-1.304;2020-12-01T09:44:42;10;5;
50299;PMS5003;38004;51.616;-1.304;2020-12-01T09:47:09;4;3;
50299;PMS5003;38004;51.616;-1.304;2020-12-01T09:49:37;8;4;
50299;PMS5003;38004;51.616;-1.304;2020-12-01T09:52:03;6;5;
50299;PMS5003;38004;51.616;-1.304;2020-12-01T09:54:30;8;5;
50299;PMS5003;38004;51.616;-1.304;2020-12-01T09:56:58;9;6;
50299;PMS5003;38004;51.616;-1.304;2020-12-01T09:59:24;11;6;
50299;PMS5003;38004;51.616;-1.304;2020-12-01T10:01:51;6;4;
50299;PMS5003;38004;51.616;-1.304;2020-12-01T10:04:18;6;4;
50299;PMS5003;38004;51.616;-1.304;2020-12-01T10:06:45;10;5;
50299;PMS5003;38004;51.616;-1.304;2020-12-01T10:09:12;6;5;
50299;PMS5003;38004;51.616;-1.304;2020-12-01T10:11:39;9;6;
50299;PMS5003;38004;51.616;-1.304;2020-12-01T10:14:06;11;10;
50299;PMS5003;38004;51.616;-1.304;2020-12-01T10:16:33;9;6;
50299;PMS5003;38004;51.616;-1.304;2020-12-01T10:19:00;12;9;
50299;PMS5003;38004;51.616;-1.304;2020-12-01T10:21:27;10;9;
50299;PMS5003;38004;51.616;-1.304;2020-12-01T10:23:54;7;6;
50299;PMS5003;38004;51.616;-1.304;2020-12-01T10:26:21;13;11;
50299;PMS5003;38004;51.616;-1.304;2020-12-01T10:28:48;12;9;
50299;PMS5003;38004;51.616;-1.304;2020-12-01T10:31:15;17;10;
50299;PMS5003;38004;51.616;-1.304;2020-12-01T10:33:42;9;6;
50299;PMS5003;38004;51.616;-1.304;2020-12-01T10:36:15;11;11;
50299;PMS5003;38004;51.616;-1.304;2020-12-01T10:38:44;11;10;
50299;PMS5003;38004;51.616;-1.304;2020-12-01T10:41:11;11;8;
50299;PMS5003;38004;51.616;-1.304;2020-12-01T10:43:39;11;8;
50299;PMS5003;38004;51.616;-1.304;2020-12-01T10:46:07;4;4;
50299;PMS5003;38004;51.616;-1.304;2020-12-01T10:48:35;4;4;
50299;PMS5003;38004;51.616;-1.304;2020-12-01T10:51:02;3;3;
50299;PMS5003;38004;51.616;-1.304;2020-12-01T10:53:30;7;4;
50299;PMS5003;38004;51.616;-1.304;2020-12-01T10:55:58;8;4;
50299;PMS5003;38004;51.616;-1.304;2020-12-01T10:58:25;4;4;
50299;PMS5003;38004;51.616;-1.304;2020-12-01T11:00:52;2;2;
50299;PMS5003;38004;51.616;-1.304;2020-12-01T11:03:19;4;2;
50299;PMS5003;38004;51.616;-1.304;2020-12-01T11:05:46;7;2;
50299;PMS5003;38004;51.616;-1.304;2020-12-01T11:08:13;5;4;
50299;PMS5003;38004;51.616;-1.304;2020-12-01T11:10:40;4;2;
50299;PMS5003;38004;51.616;-1.304;2020-12-01T11:13:07;3;3;
50299;PMS5003;38004;51.616;-1.304;2020-12-01T11:15:34;2;1;
50299;PMS5003;38004;51.616;-1.304;2020-12-01T11:18:02;3;2;
50299;PMS5003;38004;51.616;-1.304;2020-12-01T11:20:29;3;3;
50299;PMS5003;38004;51.616;-1.304;2020-12-01T11:22:56;5;3;
50299;PMS5003;38004;51.616;-1.304;2020-12-01T11:25:23;2;2;
50299;PMS5003;38004;51.616;-1.304;2020-12-01T11:27:50;2;2;
50299;PMS5003;38004;51.616;-1.304;2020-12-01T11:30:20;2;2;
50299;PMS5003;38004;51.616;-1.304;2020-12-01T11:32:48;4;2;
50299;PMS5003;38004;51.616;-1.304;2020-12-01T11:35:17;2;2;
50299;PMS5003;38004;51.616;-1.304;2020-12-01T11:37:45;3;3;
50299;PMS5003;38004;51.616;-1.304;2020-12-01T11:40:12;5;3;
50299;PMS5003;38004;51.616;-1.304;2020-12-01T11:42:39;2;2;
50299;PMS5003;38004;51.616;-1.304;2020-12-01T11:45:07;6;2;
50299;PMS5003;38004;51.616;-1.304;2020-12-01T11:47:36;4;4;
50299;PMS5003;38004;51.616;-1.304;2020-12-01T11:50:03;2;2;
50299;PMS5003;38004;51.616;-1.304;2020-12-01T11:52:33;5;4;
50299;PMS5003;38004;51.616;-1.304;2020-12-01T11:55:01;5;3;
50299;PMS5003;38004;51.616;-1.304;2020-12-01T11:57:29;4;3;
50299;PMS5003;38004;51.616;-1.304;2020-12-01T11:59:56;2;2;
50299;PMS5003;38004;51.616;-1.304;2020-12-01T12:02:24;2;2;
50299;PMS5003;38004;51.616;-1.304;2020-12-01T12:04:51;1;0;
50299;PMS5003;38004;51.616;-1.304;2020-12-01T12:07:19;4;3;
50299;PMS5003;38004;51.616;-1.304;2020-12-01T12:09:47;3;2;
50299;PMS5003;38004;51.616;-1.304;2020-12-01T12:12:14;4;4;
50299;PMS5003;38004;51.616;-1.304;2020-12-01T12:14:41;1;1;
50299;PMS5003;38004;51.616;-1.304;2020-12-01T12:17:08;7;3;
50299;PMS5003;38004;51.616;-1.304;2020-12-01T12:19:34;4;3;
50299;PMS5003;38004;51.616;-1.304;2020-12-01T12:22:01;3;2;
50299;PMS5003;38004;51.616;-1.304;2020-12-01T12:24:29;3;1;
50299;PMS5003;38004;51.616;-1.304;2020-12-01T12:26:56;6;1;
50299;PMS5003;38004;51.616;-1.304;2020-12-01T12:29:24;4;2;
50299;PMS5003;38004;51.616;-1.304;2020-12-01T12:31:51;7;4;
50299;PMS5003;38004;51.616;-1.304;2020-12-01T12:34:19;3;2;
50299;PMS5003;38004;51.616;-1.304;2020-12-01T12:36:46;5;3;
50299;PMS5003;38004;51.616;-1.304;2020-12-01T12:39:14;3;2;
50299;PMS5003;38004;51.616;-1.304;2020-12-01T12:41:41;6;3;
50299;PMS5003;38004;51.616;-1.304;2020-12-01T12:44:09;3;3;
50299;PMS5003;38004;51.616;-1.304;2020-12-01T12:46:37;2;1;
50299;PMS5003;38004;51.616;-1.304;2020-12-01T12:49:04;4;2;
50299;PMS5003;38004;51.616;-1.304;2020-12-01T12:51:31;3;3;
50299;PMS5003;38004;51.616;-1.304;2020-12-01T12:53:59;6;3;
50299;PMS5003;38004;51.616;-1.304;2020-12-01T12:56:26;5;3;
50299;PMS5003;38004;51.616;-1.304;2020-12-01T12:58:53;3;2;
50299;PMS5003;38004;51.616;-1.304;2020-12-01T13:01:20;4;2;
50299;PMS5003;38004;51.616;-1.304;2020-12-01T13:03:48;4;3;
50299;PMS5003;38004;51.616;-1.304;2020-12-01T13:06:16;5;2;
50299;PMS5003;38004;51.616;-1.304;2020-12-01T13:08:43;3;3;
50299;PMS5003;38004;51.616;-1.304;2020-12-01T13:11:11;2;2;
50299;PMS5003;38004;51.616;-1.304;2020-12-01T13:13:37;6;2;
50299;PMS5003;38004;51.616;-1.304;2020-12-01T13:16:05;2;1;
50299;PMS5003;38004;51.616;-1.304;2020-12-01T13:18:32;7;4;
50299;PMS5003;38004;51.616;-1.304;2020-12-01T13:20:58;5;4;
50299;PMS5003;38004;51.616;-1.304;2020-12-01T13:23:26;4;3;
50299;PMS5003;38004;51.616;-1.304;2020-12-01T13:25:53;5;3;
50299;PMS5003;38004;51.616;-1.304;2020-12-01T13:28:20;3;3;
50299;PMS5003;38004;51.616;-1.304;2020-12-01T13:30:46;3;3;
50299;PMS5003;38004;51.616;-1.304;2020-12-01T13:33:14;5;2;
50299;PMS5003;38004;51.616;-1.304;2020-12-01T13:35:49;3;3;
50299;PMS5003;38004;51.616;-1.304;2020-12-01T13:38:17;3;3;
50299;PMS5003;38004;51.616;-1.304;2020-12-01T13:40:44;6;5;
50299;PMS5003;38004;51.616;-1.304;2020-12-01T13:43:12;7;5;
50299;PMS5003;38004;51.616;-1.304;2020-12-01T13:45:40;5;4;
50299;PMS5003;38004;51.616;-1.304;2020-12-01T13:48:07;7;3;
50299;PMS5003;38004;51.616;-1.304;2020-12-01T13:50:34;3;3;
50299;PMS5003;38004;51.616;-1.304;2020-12-01T13:53:02;4;4;
50299;PMS5003;38004;51.616;-1.304;2020-12-01T13:55:29;7;3;
50299;PMS5003;38004;51.616;-1.304;2020-12-01T13:57:57;4;3;
50299;PMS5003;38004;51.616;-1.304;2020-12-01T14:00:25;7;4;
50299;PMS5003;38004;51.616;-1.304;2020-12-01T14:02:53;3;3;
50299;PMS5003;38004;51.616;-1.304;2020-12-01T14:05:21;3;3;
50299;PMS5003;38004;51.616;-1.304;2020-12-01T14:07:49;4;3;
50299;PMS5003;38004;51.616;-1.304;2020-12-01T14:10:17;5;3;
50299;PMS5003;38004;51.616;-1.304;2020-12-01T14:12:45;6;3;
50299;PMS5003;38004;51.616;-1.304;2020-12-01T14:15:12;4;3;
50299;PMS5003;38004;51.616;-1.304;2020-12-01T14:17:40;3;3;
50299;PMS5003;38004;51.616;-1.304;2020-12-01T14:20:08;3;3;
50299;PMS5003;38004;51.616;-1.304;2020-12-01T14:22:38;5;3;
50299;PMS5003;38004;51.616;-1.304;2020-12-01T14:25:07;5;3;
50299;PMS5003;38004;51.616;-1.304;2020-12-01T14:27:36;2;2;
50299;PMS5003;38004;51.616;-1.304;2020-12-01T14:30:04;5;5;
50299;PMS5003;38004;51.616;-1.304;2020-12-01T14:32:33;6;3;
50299;PMS5003;38004;51.616;-1.304;2020-12-01T14:35:00;7;5;
50299;PMS5003;38004;51.616;-1.304;2020-12-01T14:37:28;4;3;
50299;PMS5003;38004;51.616;-1.304;2020-12-01T14:39:55;8;6;
50299;PMS5003;38004;51.616;-1.304;2020-12-01T14:42:23;2;2;
50299;PMS5003;38004;51.616;-1.304;2020-12-01T14:44:51;6;4;
50299;PMS5003;38004;51.616;-1.304;2020-12-01T14:47:26;5;3;
50299;PMS5003;38004;51.616;-1.304;2020-12-01T14:50:11;10;5;
50299;PMS5003;38004;51.616;-1.304;2020-12-01T14:52:49;7;6;
50299;PMS5003;38004;51.616;-1.304;2020-12-01T14:55:24;7;6;
50299;PMS5003;38004;51.616;-1.304;2020-12-01T14:58:02;6;5;
50299;PMS5003;38004;51.616;-1.304;2020-12-01T15:00:44;5;5;
50299;PMS5003;38004;51.616;-1.304;2020-12-01T15:03:42;10;6;
50299;PMS5003;38004;51.616;-1.304;2020-12-01T15:06:56;7;6;
50299;PMS5003;38004;51.616;-1.304;2020-12-01T15:10:13;6;4;
50299;PMS5003;38004;51.616;-1.304;2020-12-01T15:10:17;6;4;
50299;PMS5003;38004;51.616;-1.304;2020-12-01T15:12:47;7;7;
50299;PMS5003;38004;51.616;-1.304;2020-12-01T15:15:18;6;4;
50299;PMS5003;38004;51.616;-1.304;2020-12-01T15:17:50;8;6;
50299;PMS5003;38004;51.616;-1.304;2020-12-01T15:20:21;12;10;
50299;PMS5003;38004;51.616;-1.304;2020-12-01T15:22:59;8;5;
50299;PMS5003;38004;51.616;-1.304;2020-12-01T15:25:35;6;5;
50299;PMS5003;38004;51.616;-1.304;2020-12-01T15:28:05;8;7;
50299;PMS5003;38004;51.616;-1.304;2020-12-01T15:30:35;8;6;
50299;PMS5003;38004;51.616;-1.304;2020-12-01T15:33:02;8;7;
50299;PMS5003;38004;51.616;-1.304;2020-12-01T15:35:33;8;6;
50299;PMS5003;38004;51.616;-1.304;2020-12-01T15:38:05;14;9;
50299;PMS5003;38004;51.616;-1.304;2020-12-01T15:40:36;9;8;
50299;PMS5003;38004;51.616;-1.304;2020-12-01T15:43:08;12;7;
50299;PMS5003;38004;51.616;-1.304;2020-12-01T15:45:38;5;5;
50299;PMS5003;38004;51.616;-1.304;2020-12-01T15:48:09;5;5;
50299;PMS5003;38004;51.616;-1.304;2020-12-01T15:50:38;11;10;
50299;PMS5003;38004;51.616;-1.304;2020-12-01T15:53:12;10;8;
50299;PMS5003;38004;51.616;-1.304;2020-12-01T15:55:56;8;5;
50299;PMS5003;38004;51.616;-1.304;2020-12-01T15:58:36;6;6;
50299;PMS5003;38004;51.616;-1.304;2020-12-01T16:01:27;11;8;
50299;PMS5003;38004;51.616;-1.304;2020-12-01T16:05:13;10;8;
50299;PMS5003;38004;51.616;-1.304;2020-12-01T16:07:57;11;8;
50299;PMS5003;38004;51.616;-1.304;2020-12-01T16:12:12;10;9;
50299;PMS5003;38004;51.616;-1.304;2020-12-01T16:15:30;8;6;
50299;PMS5003;38004;51.616;-1.304;2020-12-01T16:18:03;22;15;
50299;PMS5003;38004;51.616;-1.304;2020-12-01T16:20:36;12;9;
50299;PMS5003;38004;51.616;-1.304;2020-12-01T16:23:06;11;11;
50299;PMS5003;38004;51.616;-1.304;2020-12-01T16:25:35;11;9;
50299;PMS5003;38004;51.616;-1.304;2020-12-01T16:28:11;20;16;
50299;PMS5003;38004;51.616;-1.304;2020-12-01T16:30:46;13;9;
50299;PMS5003;38004;51.616;-1.304;2020-12-01T16:33:14;12;10;
50299;PMS5003;38004;51.616;-1.304;2020-12-01T16:35:42;12;11;
50299;PMS5003;38004;51.616;-1.304;2020-12-01T16:38:14;14;14;
50299;PMS5003;38004;51.616;-1.304;2020-12-01T16:40:50;10;10;
50299;PMS5003;38004;51.616;-1.304;2020-12-01T16:44:03;12;9;
50299;PMS5003;38004;51.616;-1.304;2020-12-01T16:47:58;7;6;
50299;PMS5003;38004;51.616;-1.304;2020-12-01T16:50:39;11;7;
50299;PMS5003;38004;51.616;-1.304;2020-12-01T16:53:16;11;7;
50299;PMS5003;38004;51.616;-1.304;2020-12-01T16:54:28;11;7;
50299;PMS5003;38004;51.616;-1.304;2020-12-01T16:57:10;12;9;
50299;PMS5003;38004;51.616;-1.304;2020-12-01T16:59:49;12;12;
50299;PMS5003;38004;51.616;-1.304;2020-12-01T17:03:23;11;7;
50299;PMS5003;38004;51.616;-1.304;2020-12-01T17:06:08;14;14;
50299;PMS5003;38004;51.616;-1.304;2020-12-01T17:08:46;11;11;
50299;PMS5003;38004;51.616;-1.304;2020-12-01T17:11:14;12;12;
50299;PMS5003;38004;51.616;-1.304;2020-12-01T17:13:50;11;10;
50299;PMS5003;38004;51.616;-1.304;2020-12-01T17:17:04;14;7;
50299;PMS5003;38004;51.616;-1.304;2020-12-01T17:19:46;8;8;
50299;PMS5003;38004;51.616;-1.304;2020-12-01T17:22:14;10;9;
50299;PMS5003;38004;51.616;-1.304;2020-12-01T17:24:44;11;10;
50299;PMS5003;38004;51.616;-1.304;2020-12-01T17:27:15;8;8;
50299;PMS5003;38004;51.616;-1.304;2020-12-01T17:29:44;13;13;
50299;PMS5003;38004;51.616;-1.304;2020-12-01T17:32:18;14;11;
50299;PMS5003;38004;51.616;-1.304;2020-12-01T17:35:02;15;12;
50299;PMS5003;38004;51.616;-1.304;2020-12-01T17:37:38;19;16;
50299;PMS5003;38004;51.616;-1.304;2020-12-01T17:40:18;19;17;
50299;PMS5003;38004;51.616;-1.304;2020-12-01T17:43:10;24;21;
50299;PMS5003;38004;51.616;-1.304;2020-12-01T17:45:47;27;24;
50299;PMS5003;38004;51.616;-1.304;2020-12-01T17:48:19;33;24;
50299;PMS5003;38004;51.616;-1.304;2020-12-01T17:50:52;33;31;
50299;PMS5003;38004;51.616;-1.304;2020-12-01T17:53:22;32;26;
50299;PMS5003;38004;51.616;-1.304;2020-12-01T17:55:56;32;28;
50299;PMS5003;38004;51.616;-1.304;2020-12-01T17:58:27;27;26;
50299;PMS5003;38004;51.616;-1.304;2020-12-01T18:01:01;30;27;
50299;PMS5003;38004;51.616;-1.304;2020-12-01T18:03:28;23;18;
50299;PMS5003;38004;51.616;-1.304;2020-12-01T18:05:56;21;21;
50299;PMS5003;38004;51.616;-1.304;2020-12-01T18:08:24;18;15;
50299;PMS5003;38004;51.616;-1.304;2020-12-01T18:11:04;21;19;
50299;PMS5003;38004;51.616;-1.304;2020-12-01T18:13:49;25;19;
50299;PMS5003;38004;51.616;-1.304;2020-12-01T18:16:27;27;26;
50299;PMS5003;38004;51.616;-1.304;2020-12-01T18:19:03;19;19;
50299;PMS5003;38004;51.616;-1.304;2020-12-01T18:21:46;20;18;
50299;PMS5003;38004;51.616;-1.304;2020-12-01T18:24:22;19;17;
50299;PMS5003;38004;51.616;-1.304;2020-12-01T18:27:02;20;17;
50299;PMS5003;38004;51.616;-1.304;2020-12-01T18:29:40;22;16;
50299;PMS5003;38004;51.616;-1.304;2020-12-01T18:32:18;19;17;
50299;PMS5003;38004;51.616;-1.304;2020-12-01T18:34:48;19;16;
50299;PMS5003;38004;51.616;-1.304;2020-12-01T18:37:25;17;13;
50299;PMS5003;38004;51.616;-1.304;2020-12-01T18:39:56;20;18;
50299;PMS5003;38004;51.616;-1.304;2020-12-01T18:42:25;24;20;
50299;PMS5003;38004;51.616;-1.304;2020-12-01T18:44:57;12;12;
50299;PMS5003;38004;51.616;-1.304;2020-12-01T18:47:29;16;13;
50299;PMS5003;38004;51.616;-1.304;2020-12-01T18:49:59;24;17;
50299;PMS5003;38004;51.616;-1.304;2020-12-01T18:52:27;15;15;
50299;PMS5003;38004;51.616;-1.304;2020-12-01T18:54:55;20;13;
50299;PMS5003;38004;51.616;-1.304;2020-12-01T18:57:23;19;17;
50299;PMS5003;38004;51.616;-1.304;2020-12-01T18:59:51;17;13;
50299;PMS5003;38004;51.616;-1.304;2020-12-01T19:02:18;13;13;
50299;PMS5003;38004;51.616;-1.304;2020-12-01T19:04:47;19;17;
50299;PMS5003;38004;51.616;-1.304;2020-12-01T19:07:14;18;16;
50299;PMS5003;38004;51.616;-1.304;2020-12-01T19:09:42;15;15;
50299;PMS5003;38004;51.616;-1.304;2020-12-01T19:12:09;17;13;
50299;PMS5003;38004;51.616;-1.304;2020-12-01T19:14:37;17;16;
50299;PMS5003;38004;51.616;-1.304;2020-12-01T19:17:05;17;16;
50299;PMS5003;38004;51.616;-1.304;2020-12-01T19:19:32;22;22;
50299;PMS5003;38004;51.616;-1.304;2020-12-01T19:21:59;23;17;
50299;PMS5003;38004;51.616;-1.304;2020-12-01T19:24:27;16;16;
50299;PMS5003;38004;51.616;-1.304;2020-12-01T19:26:55;18;15;
50299;PMS5003;38004;51.616;-1.304;2020-12-01T19:29:22;16;16;
50299;PMS5003;38004;51.616;-1.304;2020-12-01T19:31:50;15;13;
50299;PMS5003;38004;51.616;-1.304;2020-12-01T19:34:18;18;13;
50299;PMS5003;38004;51.616;-1.304;2020-12-01T19:36:47;17;16;
50299;PMS5003;38004;51.616;-1.304;2020-12-01T19:39:19;22;18;
50299;PMS5003;38004;51.616;-1.304;2020-12-01T19:41:46;25;19;
50299;PMS5003;38004;51.616;-1.304;2020-12-01T19:44:15;19;16;
50299;PMS5003;38004;51.616;-1.304;2020-12-01T19:46:42;15;13;
50299;PMS5003;38004;51.616;-1.304;2020-12-01T19:49:09;15;15;
50299;PMS5003;38004;51.616;-1.304;2020-12-01T19:51:36;16;13;
50299;PMS5003;38004;51.616;-1.304;2020-12-01T19:54:04;17;16;
50299;PMS5003;38004;51.616;-1.304;2020-12-01T19:56:32;30;22;
50299;PMS5003;38004;51.616;-1.304;2020-12-01T19:58:59;19;17;
50299;PMS5003;38004;51.616;-1.304;2020-12-01T20:01:26;22;22;
50299;PMS5003;38004;51.616;-1.304;2020-12-01T20:03:54;17;16;
50299;PMS5003;38004;51.616;-1.304;2020-12-01T20:06:21;23;18;
50299;PMS5003;38004;51.616;-1.304;2020-12-01T20:08:48;19;15;
50299;PMS5003;38004;51.616;-1.304;2020-12-01T20:11:16;20;20;
50299;PMS5003;38004;51.616;-1.304;2020-12-01T20:13:43;25;19;
50299;PMS5003;38004;51.616;-1.304;2020-12-01T20:16:12;23;18;
50299;PMS5003;38004;51.616;-1.304;2020-12-01T20:18:40;24;19;
50299;PMS5003;38004;51.616;-1.304;2020-12-01T20:21:08;26;19;
50299;PMS5003;38004;51.616;-1.304;2020-12-01T20:23:36;24;19;
50299;PMS5003;38004;51.616;-1.304;2020-12-01T20:26:04;18;18;
50299;PMS5003;38004;51.616;-1.304;2020-12-01T20:28:32;23;20;
50299;PMS5003;38004;51.616;-1.304;2020-12-01T20:31:01;19;15;
50299;PMS5003;38004;51.616;-1.304;2020-12-01T20:33:30;17;16;
50299;PMS5003;38004;51.616;-1.304;2020-12-01T20:36:42;20;20;
50299;PMS5003;38004;51.616;-1.304;2020-12-01T20:40:42;19;17;
50299;PMS5003;38004;51.616;-1.304;2020-12-01T20:43:12;18;17;
50299;PMS5003;38004;51.616;-1.304;2020-12-01T20:45:41;19;18;
50299;PMS5003;38004;51.616;-1.304;2020-12-01T20:48:09;18;18;
50299;PMS5003;38004;51.616;-1.304;2020-12-01T20:50:38;20;19;
50299;PMS5003;38004;51.616;-1.304;2020-12-01T20:53:06;19;17;
50299;PMS5003;38004;51.616;-1.304;2020-12-01T20:55:34;19;16;
50299;PMS5003;38004;51.616;-1.304;2020-12-01T20:58:01;18;18;
50299;PMS5003;38004;51.616;-1.304;2020-12-01T21:00:29;18;18;
50299;PMS5003;38004;51.616;-1.304;2020-12-01T21:02:56;22;18;
50299;PMS5003;38004;51.616;-1.304;2020-12-01T21:05:23;19;19;
50299;PMS5003;38004;51.616;-1.304;2020-12-01T21:07:51;19;18;
50299;PMS5003;38004;51.616;-1.304;2020-12-01T21:10:20;25;17;
50299;PMS5003;38004;51.616;-1.304;2020-12-01T21:12:50;25;23;
50299;PMS5003;38004;51.616;-1.304;2020-12-01T21:15:22;26;23;
50299;PMS5003;38004;51.616;-1.304;2020-12-01T21:17:56;20;18;
50299;PMS5003;38004;51.616;-1.304;2020-12-01T21:20:27;17;17;
50299;PMS5003;38004;51.616;-1.304;2020-12-01T21:22:56;24;19;
50299;PMS5003;38004;51.616;-1.304;2020-12-01T21:25:24;24;22;
50299;PMS5003;38004;51.616;-1.304;2020-12-01T21:27:53;18;16;
50299;PMS5003;38004;51.616;-1.304;2020-12-01T21:30:25;22;19;
50299;PMS5003;38004;51.616;-1.304;2020-12-01T21:33:03;28;21;
50299;PMS5003;38004;51.616;-1.304;2020-12-01T21:35:37;19;19;
50299;PMS5003;38004;51.616;-1.304;2020-12-01T21:38:03;22;19;
50299;PMS5003;38004;51.616;-1.304;2020-12-01T21:40:31;28;19;
50299;PMS5003;38004;51.616;-1.304;2020-12-01T21:43:02;33;26;
50299;PMS5003;38004;51.616;-1.304;2020-12-01T21:45:40;32;30;
50299;PMS5003;38004;51.616;-1.304;2020-12-01T21:48:10;31;21;
50299;PMS5003;38004;51.616;-1.304;2020-12-01T21:50:39;29;29;
50299;PMS5003;38004;51.616;-1.304;2020-12-01T21:53:10;26;22;
50299;PMS5003;38004;51.616;-1.304;2020-12-01T21:55:55;25;19;
50299;PMS5003;38004;51.616;-1.304;2020-12-01T21:58:39;31;25;
50299;PMS5003;38004;51.616;-1.304;2020-12-01T22:01:28;18;18;
50299;PMS5003;38004;51.616;-1.304;2020-12-01T22:04:28;25;21;
50299;PMS5003;38004;51.616;-1.304;2020-12-01T22:07:16;22;19;
50299;PMS5003;38004;51.616;-1.304;2020-12-01T22:09:54;23;21;
50299;PMS5003;38004;51.616;-1.304;2020-12-01T22:12:36;21;19;
50299;PMS5003;38004;51.616;-1.304;2020-12-01T22:15:13;16;15;
50299;PMS5003;38004;51.616;-1.304;2020-12-01T22:17:53;24;22;
50299;PMS5003;38004;51.616;-1.304;2020-12-01T22:20:24;26;17;
50299;PMS5003;38004;51.616;-1.304;2020-12-01T22:23:56;21;19;
50299;PMS5003;38004;51.616;-1.304;2020-12-01T22:26:51;25;23;
50299;PMS5003;38004;51.616;-1.304;2020-12-01T22:29:40;23;23;
50299;PMS5003;38004;51.616;-1.304;2020-12-01T22:32:24;25;20;
50299;PMS5003;38004;51.616;-1.304;2020-12-01T22:35:07;25;23;
50299;PMS5003;38004;51.616;-1.304;2020-12-01T22:38:16;29;28;
50299;PMS5003;38004;51.616;-1.304;2020-12-01T22:40:50;25;20;
50299;PMS5003;38004;51.616;-1.304;2020-12-01T22:43:23;24;20;
50299;PMS5003;38004;51.616;-1.304;2020-12-01T22:46:24;23;20;
50299;PMS5003;38004;51.616;-1.304;2020-12-01T22:50:40;25;25;
50299;PMS5003;38004;51.616;-1.304;2020-12-01T22:54:22;23;18;
50299;PMS5003;38004;51.616;-1.304;2020-12-01T22:57:18;25;21;
50299;PMS5003;38004;51.616;-1.304;2020-12-01T23:00:14;21;17;
50299;PMS5003;38004;51.616;-1.304;2020-12-01T23:00:23;24;18;
50299;PMS5003;38004;51.616;-1.304;2020-12-01T23:02:55;25;21;
50299;PMS5003;38004;51.616;-1.304;2020-12-01T23:05:23;21;18;
50299;PMS5003;38004;51.616;-1.304;2020-12-01T23:07:53;26;21;
50299;PMS5003;38004;51.616;-1.304;2020-12-01T23:10:29;23;20;
50299;PMS5003;38004;51.616;-1.304;2020-12-01T23:13:01;21;20;
50299;PMS5003;38004;51.616;-1.304;2020-12-01T23:15:32;25;21;
50299;PMS5003;38004;51.616;-1.304;2020-12-01T23:18:00;27;25;
50299;PMS5003;38004;51.616;-1.304;2020-12-01T23:20:28;19;16;
50299;PMS5003;38004;51.616;-1.304;2020-12-01T23:22:56;20;17;
50299;PMS5003;38004;51.616;-1.304;2020-12-01T23:25:24;21;20;
50299;PMS5003;38004;51.616;-1.304;2020-12-01T23:27:52;21;20;
50299;PMS5003;38004;51.616;-1.304;2020-12-01T23:30:23;19;17;
50299;PMS5003;38004;51.616;-1.304;2020-12-01T23:32:54;18;18;
50299;PMS5003;38004;51.616;-1.304;2020-12-01T23:35:26;25;21;
50299;PMS5003;38004;51.616;-1.304;2020-12-01T23:37:57;20;17;
50299;PMS5003;38004;51.616;-1.304;2020-12-01T23:40:27;23;21;
50299;PMS5003;38004;51.616;-1.304;2020-12-01T23:44:08;21;18;
50299;PMS5003;38004;51.616;-1.304;2020-12-01T23:46:46;24;21;
50299;PMS5003;38004;51.616;-1.304;2020-12-01T23:49:20;23;21;
50299;PMS5003;38004;51.616;-1.304;2020-12-01T23:51:55;20;20;
50299;PMS5003;38004;51.616;-1.304;2020-12-01T23:54:25;31;25;
50299;PMS5003;38004;51.616;-1.304;2020-12-01T23:56:55;26;26;
50299;PMS5003;38004;51.616;-1.304;2020-12-01T23:59:25;29;23;
